benchmark,dataset_id,dataset_dir,dataset_name,n_train,n_test,n_features,n_classes,accuracy,f1_weighted,logloss,fit_seconds,predict_seconds,status,error
talent_cls,Click_prediction_small,/vast/users/guangyi.chen/causal_group/zijian.li/dmir_crl/lyh/TabICL/dataset/talent_cls/binclass,Click_prediction_small.csv,31958,7990,3,2,0.8319148936170213,0.7566718425154791,0.4407885160079014,0.0545549392700195,6.465158224105835,ok,
talent_cls,E-CommereShippingData,/vast/users/guangyi.chen/causal_group/zijian.li/dmir_crl/lyh/TabICL/dataset/talent_cls/binclass,E-CommereShippingData.csv,8799,2200,10,2,0.6759090909090909,0.66762447957752,0.5066150519218008,0.0533936023712158,2.84153413772583,ok,
talent_cls,FOREX_audsgd-hour-High,/vast/users/guangyi.chen/causal_group/zijian.li/dmir_crl/lyh/TabICL/dataset/talent_cls/binclass,FOREX_audsgd-hour-High.csv,35060,8765,10,2,0.6903593839132915,0.689885249208519,0.5909181403707205,0.1958355903625488,22.98000431060791,ok,
talent_cls,Heart-Disease-Dataset-_Comprehensive,/vast/users/guangyi.chen/causal_group/zijian.li/dmir_crl/lyh/TabICL/dataset/talent_cls/binclass,Heart-Disease-Dataset-_Comprehensive.csv,952,238,11,2,0.9285714285714286,0.9283079390537288,0.2164653610469215,0.0164029598236084,0.4381389617919922,ok,
talent_cls,MIC,/vast/users/guangyi.chen/causal_group/zijian.li/dmir_crl/lyh/TabICL/dataset/talent_cls/binclass,MIC.csv,1319,330,104,2,0.8666666666666667,0.8246666666666668,0.2854358921414254,0.1041116714477539,1.6965272426605225,ok,
talent_cls,PizzaCutter3,/vast/users/guangyi.chen/causal_group/zijian.li/dmir_crl/lyh/TabICL/dataset/talent_cls/binclass,PizzaCutter3.csv,834,209,37,2,0.8755980861244019,0.8302346776030987,0.3203431191813831,0.0372486114501953,0.6169731616973877,ok,
talent_cls,Wilt,/vast/users/guangyi.chen/causal_group/zijian.li/dmir_crl/lyh/TabICL/dataset/talent_cls/binclass,Wilt.csv,3856,965,5,2,0.9772020725388602,0.9757896731439432,0.050661442643435,0.0180845260620117,0.7018563747406006,ok,
talent_cls,churn,/vast/users/guangyi.chen/causal_group/zijian.li/dmir_crl/lyh/TabICL/dataset/talent_cls/binclass,churn.csv,4000,1000,20,2,0.962,0.96128734746307,0.1388221029687272,0.0418457984924316,1.7404017448425293,ok,
talent_cls,delta_ailerons,/vast/users/guangyi.chen/causal_group/zijian.li/dmir_crl/lyh/TabICL/dataset/talent_cls/binclass,delta_ailerons.csv,5703,1426,5,2,0.9396914446002804,0.9396418300154344,0.183237610982986,0.0216925144195556,1.02860426902771,ok,
talent_cls,house_16H,/vast/users/guangyi.chen/causal_group/zijian.li/dmir_crl/lyh/TabICL/dataset/talent_cls/binclass,house_16H.csv,10790,2698,16,2,0.8839881393624908,0.883987358422784,0.260763236641078,0.0930628776550293,4.333590269088745,ok,
talent_cls,kr-vs-kp,/vast/users/guangyi.chen/causal_group/zijian.li/dmir_crl/lyh/TabICL/dataset/talent_cls/binclass,kr-vs-kp.csv,2556,640,36,2,0.996875,0.996875,0.0261150648195954,0.0533573627471923,1.5078442096710205,ok,
talent_cls,online_shoppers,/vast/users/guangyi.chen/causal_group/zijian.li/dmir_crl/lyh/TabICL/dataset/talent_cls/binclass,online_shoppers.csv,9864,2466,14,2,0.9018653690186536,0.89837981505907,0.2262219882930242,0.0729908943176269,3.650957584381104,ok,
talent_cls,pol,/vast/users/guangyi.chen/causal_group/zijian.li/dmir_crl/lyh/TabICL/dataset/talent_cls/binclass,pol.csv,8065,2017,26,2,0.983143282102132,0.9831432572414271,0.0447663658511119,0.0870254039764404,3.981574058532715,ok,
talent_cls,sports_articles_for_objectivity_analysis,/vast/users/guangyi.chen/causal_group/zijian.li/dmir_crl/lyh/TabICL/dataset/talent_cls/binclass,sports_articles_for_objectivity_analysis.csv,800,200,59,2,0.795,0.7933440127057148,0.4615596240771664,0.0571904182434082,0.7368643283843994,ok,
talent_cls,wine,/vast/users/guangyi.chen/causal_group/zijian.li/dmir_crl/lyh/TabICL/dataset/talent_cls/binclass,wine.csv,2043,511,4,2,0.776908023483366,0.776646298906573,0.4562639258211599,0.011568546295166,0.2782003879547119,ok,
talent_cls,Indian_pines,/vast/users/guangyi.chen/causal_group/zijian.li/dmir_crl/lyh/TabICL/dataset/talent_cls/multiclass,Indian_pines.csv,7315,1829,220,8,0.9606342263531984,0.9605970685281068,0.1230603750153358,0.6400706768035889,17.789084672927856,ok,
talent_cls,allbp,/vast/users/guangyi.chen/causal_group/zijian.li/dmir_crl/lyh/TabICL/dataset/talent_cls/multiclass,allbp.csv,3017,755,29,3,0.9801324503311258,0.978574011504646,0.0604671207460836,0.0443298816680908,1.4931905269622805,ok,
talent_cls,cmc,/vast/users/guangyi.chen/causal_group/zijian.li/dmir_crl/lyh/TabICL/dataset/talent_cls/multiclass,cmc.csv,1178,295,9,3,0.6067796610169491,0.6012426415220804,0.8335328584514199,0.0159173011779785,0.4380912780761719,ok,
talent_cls,eye_movements,/vast/users/guangyi.chen/causal_group/zijian.li/dmir_crl/lyh/TabICL/dataset/talent_cls/multiclass,eye_movements.csv,8748,2188,27,3,0.696526508226691,0.6970307635259415,0.6425346955711264,0.1175415515899658,4.22408938407898,ok,
talent_cls,kropt,/vast/users/guangyi.chen/causal_group/zijian.li/dmir_crl/lyh/TabICL/dataset/talent_cls/multiclass,kropt.csv,22444,5612,6,18,0.8597647897362795,0.859444248369738,0.4120883103548055,0.0918986797332763,29.82956886291504,ok,
talent_cls,mfeat-morphological,/vast/users/guangyi.chen/causal_group/zijian.li/dmir_crl/lyh/TabICL/dataset/talent_cls/multiclass,mfeat-morphological.csv,1600,400,6,10,0.735,0.7318466244111554,0.6183933159877876,0.0130302906036376,0.4740016460418701,ok,
talent_cls,one-hundred-plants-texture,/vast/users/guangyi.chen/causal_group/zijian.li/dmir_crl/lyh/TabICL/dataset/talent_cls/multiclass,one-hundred-plants-texture.csv,1279,320,64,100,0.89375,0.886453373015873,0.4437359843866762,0.0712487697601318,4.8841211795806885,ok,
talent_cls,shuttle,/vast/users/guangyi.chen/causal_group/zijian.li/dmir_crl/lyh/TabICL/dataset/talent_cls/multiclass,shuttle.csv,46400,11600,9,7,0.9996551724137932,0.9996469690106542,0.0012751645542851,0.2168471813201904,37.068559646606445,ok,
talent_cls,vehicle,/vast/users/guangyi.chen/causal_group/zijian.li/dmir_crl/lyh/TabICL/dataset/talent_cls/multiclass,vehicle.csv,676,170,18,4,0.9,0.9005925166042583,0.213812058216705,0.0194237232208251,0.416748046875,ok,
talent_cls,yeast,/vast/users/guangyi.chen/causal_group/zijian.li/dmir_crl/lyh/TabICL/dataset/talent_cls/multiclass,yeast.csv,1187,297,8,10,0.6363636363636364,0.629959410383291,1.0155422115285206,0.0152132511138916,0.4525508880615234,ok,
talent_cls,Amazon_employee_access,/vast/users/guangyi.chen/causal_group/zijian.li/dmir_crl/lyh/TabICL/dataset/talent_cls/binclass,Amazon_employee_access.csv,26215,6554,7,2,0.9447665547757096,0.9323452793584468,0.1633113980668382,0.0881228446960449,11.406383275985718,ok,
talent_cls,Contaminant-detection-in-packaged-cocoa-hazelnut-spread-jars-using-Microwaves-Sensing-and-Machine-Learning-10.0GHz_Urbinati,/vast/users/guangyi.chen/causal_group/zijian.li/dmir_crl/lyh/TabICL/dataset/talent_cls/binclass,Contaminant-detection-in-packaged-cocoa-hazelnut-spread-jars-using-Microwaves-Sensing-and-Machine-Learning-10.0GHz_Urbinati.csv,1920,480,30,2,0.9625,0.9624582869855396,0.1226662051317715,0.0387849807739257,0.971616506576538,ok,
talent_cls,Employee,/vast/users/guangyi.chen/causal_group/zijian.li/dmir_crl/lyh/TabICL/dataset/talent_cls/binclass,Employee.csv,3722,931,8,2,0.8485499462943072,0.8426819419108226,0.3650503011437354,0.0246863365173339,1.229921579360962,ok,
talent_cls,FOREX_audusd-hour-High,/vast/users/guangyi.chen/causal_group/zijian.li/dmir_crl/lyh/TabICL/dataset/talent_cls/binclass,FOREX_audusd-hour-High.csv,35060,8765,10,2,0.6831717056474615,0.6834070076115171,0.591625380083785,0.1941514015197754,22.64550495147705,ok,
talent_cls,INNHotelsGroup,/vast/users/guangyi.chen/causal_group/zijian.li/dmir_crl/lyh/TabICL/dataset/talent_cls/binclass,INNHotelsGroup.csv,29020,7255,17,2,0.9079255685733976,0.9071685826473732,0.2208561107396321,0.2213926315307617,18.37829303741455,ok,
talent_cls,MagicTelescope,/vast/users/guangyi.chen/causal_group/zijian.li/dmir_crl/lyh/TabICL/dataset/talent_cls/binclass,MagicTelescope.csv,15216,3804,9,2,0.870925341745531,0.8689830834569606,0.3054737195510378,0.0805158615112304,5.843184471130371,ok,
talent_cls,Pumpkin_Seeds,/vast/users/guangyi.chen/causal_group/zijian.li/dmir_crl/lyh/TabICL/dataset/talent_cls/binclass,Pumpkin_Seeds.csv,2000,500,12,2,0.906,0.9059287281713476,0.251022738009415,0.0194613933563232,0.6742641925811768,ok,
talent_cls,ada,/vast/users/guangyi.chen/causal_group/zijian.li/dmir_crl/lyh/TabICL/dataset/talent_cls/binclass,ada.csv,3317,830,48,2,0.8481927710843373,0.8423883472177631,0.3397482350169244,0.071401834487915,2.2468414306640625,ok,
talent_cls,company_bankruptcy_prediction,/vast/users/guangyi.chen/causal_group/zijian.li/dmir_crl/lyh/TabICL/dataset/talent_cls/binclass,company_bankruptcy_prediction.csv,5455,1364,95,2,0.968475073313783,0.9572574206638084,0.0814660794923694,0.2281737327575683,6.327845811843872,ok,
talent_cls,dis,/vast/users/guangyi.chen/causal_group/zijian.li/dmir_crl/lyh/TabICL/dataset/talent_cls/binclass,dis.csv,3017,755,29,2,0.9854304635761588,0.981103457440918,0.0375528138808726,0.0431959629058837,1.493307113647461,ok,
talent_cls,htru,/vast/users/guangyi.chen/causal_group/zijian.li/dmir_crl/lyh/TabICL/dataset/talent_cls/binclass,htru.csv,14318,3580,8,2,0.9824022346368716,0.9821135337141328,0.0633079675060542,0.0639755725860595,5.214133977890015,ok,
talent_cls,law-school-admission-bianry,/vast/users/guangyi.chen/causal_group/zijian.li/dmir_crl/lyh/TabICL/dataset/talent_cls/binclass,law-school-admission-bianry.csv,16640,4160,11,2,1.0,1.0,2.2095288948391278e-07,0.0899708271026611,6.846970081329346,ok,
talent_cls,ozone-level-8hr,/vast/users/guangyi.chen/causal_group/zijian.li/dmir_crl/lyh/TabICL/dataset/talent_cls/binclass,ozone-level-8hr.csv,2027,507,72,2,0.9526627218934912,0.9408005732792056,0.1431817839954357,0.0835359096527099,1.901894807815552,ok,
talent_cls,rice_cammeo_and_osmancik,/vast/users/guangyi.chen/causal_group/zijian.li/dmir_crl/lyh/TabICL/dataset/talent_cls/binclass,rice_cammeo_and_osmancik.csv,3048,762,7,2,0.9238845144356956,0.9238845144356956,0.1934394939086231,0.0172293186187744,0.7896928787231445,ok,
talent_cls,statlog,/vast/users/guangyi.chen/causal_group/zijian.li/dmir_crl/lyh/TabICL/dataset/talent_cls/binclass,statlog.csv,800,200,20,2,0.79,0.7778128701144889,0.4137989565858687,0.0271015167236328,0.4508619308471679,ok,
talent_cls,ASP-POTASSCO-classification,/vast/users/guangyi.chen/causal_group/zijian.li/dmir_crl/lyh/TabICL/dataset/talent_cls/multiclass,ASP-POTASSCO-classification.csv,1035,259,141,11,0.4478764478764478,0.4306607783630462,1.6171201255798555,0.1259326934814453,3.016941547393799,ok,
talent_cls,JapaneseVowels,/vast/users/guangyi.chen/causal_group/zijian.li/dmir_crl/lyh/TabICL/dataset/talent_cls/multiclass,JapaneseVowels.csv,7968,1993,14,9,0.9994982438534872,0.999498389816499,0.0019840437559843,0.0536880493164062,3.0831000804901123,ok,
talent_cls,allrep,/vast/users/guangyi.chen/causal_group/zijian.li/dmir_crl/lyh/TabICL/dataset/talent_cls/multiclass,allrep.csv,3017,755,29,4,0.9827814569536424,0.9802738718596192,0.0549923396203832,0.043227195739746,1.4901413917541504,ok,
talent_cls,connect-4,/vast/users/guangyi.chen/causal_group/zijian.li/dmir_crl/lyh/TabICL/dataset/talent_cls/multiclass,connect-4.csv,54045,13512,42,3,0.7876702190645353,0.7400001857281896,0.5268174088652626,0.8351523876190186,66.2494649887085,ok,
talent_cls,first-order-theorem-proving,/vast/users/guangyi.chen/causal_group/zijian.li/dmir_crl/lyh/TabICL/dataset/talent_cls/multiclass,first-order-theorem-proving.csv,4894,1224,51,6,0.6356209150326797,0.6198010429735641,0.9915668500911898,0.1145391464233398,3.546094417572021,ok,
talent_cls,led24,/vast/users/guangyi.chen/causal_group/zijian.li/dmir_crl/lyh/TabICL/dataset/talent_cls/multiclass,led24.csv,2560,640,24,10,0.734375,0.7303563514378245,0.7815510467403227,0.0358474254608154,1.1090805530548096,ok,
talent_cls,mfeat-pixel,/vast/users/guangyi.chen/causal_group/zijian.li/dmir_crl/lyh/TabICL/dataset/talent_cls/multiclass,mfeat-pixel.csv,1600,400,240,10,0.9825,0.9825532426507212,0.0557655151161585,0.2443981170654297,4.28271746635437,ok,
talent_cls,optdigits,/vast/users/guangyi.chen/causal_group/zijian.li/dmir_crl/lyh/TabICL/dataset/talent_cls/multiclass,optdigits.csv,4496,1124,64,10,0.98932384341637,0.9893151157302368,0.0416357184959941,0.129087209701538,3.788164138793945,ok,
talent_cls,splice,/vast/users/guangyi.chen/causal_group/zijian.li/dmir_crl/lyh/TabICL/dataset/talent_cls/multiclass,splice.csv,2552,638,60,3,0.9467084639498432,0.9459932716518358,0.1797438534875136,0.1197805404663086,2.141976356506348,ok,
talent_cls,walking-activity,/vast/users/guangyi.chen/causal_group/zijian.li/dmir_crl/lyh/TabICL/dataset/talent_cls/multiclass,walking-activity.csv,119465,29867,4,22,0.660427897010078,0.6596019864523459,0.9477937532807348,0.2758362293243408,381.0293529033661,ok,
talent_cls,BNG_breast-w,/vast/users/guangyi.chen/causal_group/zijian.li/dmir_crl/lyh/TabICL/dataset/talent_cls/binclass,BNG_breast-w.csv,31492,7874,9,2,0.9879349758699516,0.9879459788634588,0.0317351538800846,0.1466956138610839,18.572171926498413,ok,
talent_cls,Contaminant-detection-in-packaged-cocoa-hazelnut-spread-jars-using-Microwaves-Sensing-and-Machine-Learning-10.5GHz_Urbinati,/vast/users/guangyi.chen/causal_group/zijian.li/dmir_crl/lyh/TabICL/dataset/talent_cls/binclass,Contaminant-detection-in-packaged-cocoa-hazelnut-spread-jars-using-Microwaves-Sensing-and-Machine-Learning-10.5GHz_Urbinati.csv,1920,480,30,2,0.9375,0.9374902328488826,0.1125093998235376,0.0375781059265136,0.980194091796875,ok,
talent_cls,FICO-HELOC-cleaned,/vast/users/guangyi.chen/causal_group/zijian.li/dmir_crl/lyh/TabICL/dataset/talent_cls/binclass,FICO-HELOC-cleaned.csv,7896,1975,23,2,0.7412658227848101,0.7407151578692794,0.5264412152995301,0.0903944969177246,3.73995590209961,ok,
talent_cls,FOREX_cadjpy-day-High,/vast/users/guangyi.chen/causal_group/zijian.li/dmir_crl/lyh/TabICL/dataset/talent_cls/binclass,FOREX_cadjpy-day-High.csv,1467,367,10,2,0.7193460490463215,0.7193210414545144,0.572318643401505,0.0158092975616455,0.5456666946411133,ok,
talent_cls,Insurance,/vast/users/guangyi.chen/causal_group/zijian.li/dmir_crl/lyh/TabICL/dataset/talent_cls/binclass,Insurance.csv,18838,4710,10,2,0.7579617834394905,0.6536047262992708,0.5548463328446293,0.1155097484588623,8.115317821502686,ok,
talent_cls,Marketing_Campaign,/vast/users/guangyi.chen/causal_group/zijian.li/dmir_crl/lyh/TabICL/dataset/talent_cls/binclass,Marketing_Campaign.csv,1792,448,27,2,0.8950892857142857,0.8886122925355917,0.2502195795042971,0.037156343460083,0.8458700180053711,ok,
talent_cls,QSAR_biodegradation,/vast/users/guangyi.chen/causal_group/zijian.li/dmir_crl/lyh/TabICL/dataset/talent_cls/binclass,QSAR_biodegradation.csv,843,211,41,2,0.8862559241706162,0.8849399833509116,0.2438674690492578,0.0376768112182617,0.6772613525390625,ok,
talent_cls,ada_agnostic,/vast/users/guangyi.chen/causal_group/zijian.li/dmir_crl/lyh/TabICL/dataset/talent_cls/binclass,ada_agnostic.csv,3649,913,48,2,0.8433734939759037,0.835253287325993,0.3306368189668066,0.0762960910797119,2.557815790176392,ok,
talent_cls,compass,/vast/users/guangyi.chen/causal_group/zijian.li/dmir_crl/lyh/TabICL/dataset/talent_cls/binclass,compass.csv,13315,3329,17,2,0.8413938119555422,0.8413821899380451,0.3645941938445612,0.0933310985565185,5.775261402130127,ok,
talent_cls,eeg-eye-state,/vast/users/guangyi.chen/causal_group/zijian.li/dmir_crl/lyh/TabICL/dataset/talent_cls/binclass,eeg-eye-state.csv,11984,2996,14,2,0.9909879839786382,0.990986405735668,0.0271149600176574,0.0808866024017334,4.765805721282959,ok,
talent_cls,ibm-employee-performance,/vast/users/guangyi.chen/causal_group/zijian.li/dmir_crl/lyh/TabICL/dataset/talent_cls/binclass,ibm-employee-performance.csv,1176,294,30,2,1.0,1.0,0.0177783233566048,0.0366621017456054,0.7248408794403076,ok,
talent_cls,madeline,/vast/users/guangyi.chen/causal_group/zijian.li/dmir_crl/lyh/TabICL/dataset/talent_cls/binclass,madeline.csv,2512,628,259,2,0.7181528662420382,0.717708471553476,0.5820263979591451,0.3273389339447021,7.235381364822388,ok,
talent_cls,ozone_level,/vast/users/guangyi.chen/causal_group/zijian.li/dmir_crl/lyh/TabICL/dataset/talent_cls/binclass,ozone_level.csv,2028,508,36,2,0.970472440944882,0.9559298968747788,0.1008261502440585,0.0783593654632568,1.1880528926849363,ok,
talent_cls,ringnorm,/vast/users/guangyi.chen/causal_group/zijian.li/dmir_crl/lyh/TabICL/dataset/talent_cls/binclass,ringnorm.csv,5920,1480,20,2,0.983108108108108,0.983107992419463,0.0459919580861101,0.0562384128570556,2.568344831466675,ok,
talent_cls,svmguide3,/vast/users/guangyi.chen/causal_group/zijian.li/dmir_crl/lyh/TabICL/dataset/talent_cls/binclass,svmguide3.csv,994,249,22,2,0.8634538152610441,0.8566891541174461,0.3140371989177183,0.0243723392486572,0.5490188598632812,ok,
talent_cls,BLE_RSSI_dataset_for_Indoor_localization,/vast/users/guangyi.chen/causal_group/zijian.li/dmir_crl/lyh/TabICL/dataset/talent_cls/multiclass,BLE_RSSI_dataset_for_Indoor_localization.csv,7987,1997,3,3,0.7411116675012519,0.7409021082097796,0.6042809064726415,0.0188677310943603,1.2806005477905271,ok,
talent_cls,Mobile_Price_Classification,/vast/users/guangyi.chen/causal_group/zijian.li/dmir_crl/lyh/TabICL/dataset/talent_cls/multiclass,Mobile_Price_Classification.csv,1600,400,20,4,0.925,0.9249937343358396,0.1711910981075063,0.0254132747650146,0.6937320232391357,ok,
talent_cls,analcatdata_authorship,/vast/users/guangyi.chen/causal_group/zijian.li/dmir_crl/lyh/TabICL/dataset/talent_cls/multiclass,analcatdata_authorship.csv,672,169,69,4,0.9940828402366864,0.9940804879569156,0.0158263127667195,0.0595133304595947,0.7617182731628418,ok,
talent_cls,contraceptive_method_choice,/vast/users/guangyi.chen/causal_group/zijian.li/dmir_crl/lyh/TabICL/dataset/talent_cls/multiclass,contraceptive_method_choice.csv,1178,295,9,3,0.5525423728813559,0.5502857987202255,0.8886920331768573,0.0166537761688232,0.4574410915374756,ok,
talent_cls,gas-drift,/vast/users/guangyi.chen/causal_group/zijian.li/dmir_crl/lyh/TabICL/dataset/talent_cls/multiclass,gas-drift.csv,11128,2782,128,6,0.9971243709561468,0.9971223637690672,0.0100599154503401,0.6905591487884521,16.807454586029053,ok,
talent_cls,led7,/vast/users/guangyi.chen/causal_group/zijian.li/dmir_crl/lyh/TabICL/dataset/talent_cls/multiclass,led7.csv,2560,640,7,10,0.7625,0.7583261745564965,0.7625376878293906,0.0154199600219726,0.6891806125640869,ok,
talent_cls,mfeat-zernike,/vast/users/guangyi.chen/causal_group/zijian.li/dmir_crl/lyh/TabICL/dataset/talent_cls/multiclass,mfeat-zernike.csv,1600,400,47,10,0.84,0.8302216961674292,0.2718535265005657,0.054295539855957,1.1250078678131104,ok,
talent_cls,page-blocks,/vast/users/guangyi.chen/causal_group/zijian.li/dmir_crl/lyh/TabICL/dataset/talent_cls/multiclass,page-blocks.csv,4378,1095,10,5,0.9744292237442922,0.9747674005915864,0.0691226193990855,0.0273246765136718,1.4490385055541992,ok,
talent_cls,steel_plates_faults,/vast/users/guangyi.chen/causal_group/zijian.li/dmir_crl/lyh/TabICL/dataset/talent_cls/multiclass,steel_plates_faults.csv,1552,389,27,7,0.8123393316195373,0.810817639356124,0.4792204612356291,0.0331337451934814,0.8126909732818604,ok,
talent_cls,wall-robot-navigation,/vast/users/guangyi.chen/causal_group/zijian.li/dmir_crl/lyh/TabICL/dataset/talent_cls/multiclass,wall-robot-navigation.csv,4364,1092,24,4,0.9826007326007326,0.9825982257019852,0.0406695143788386,0.0569710731506347,2.021800994873047,ok,
talent_cls,BNG_tic-tac-toe,/vast/users/guangyi.chen/causal_group/zijian.li/dmir_crl/lyh/TabICL/dataset/talent_cls/binclass,BNG_tic-tac-toe.csv,31492,7874,9,2,0.8149606299212598,0.812095224382549,0.4031836136192991,0.1917908191680908,20.494529485702515,ok,
talent_cls,Contaminant-detection-in-packaged-cocoa-hazelnut-spread-jars-using-Microwaves-Sensing-and-Machine-Learning-11.0GHz_Urbinati,/vast/users/guangyi.chen/causal_group/zijian.li/dmir_crl/lyh/TabICL/dataset/talent_cls/binclass,Contaminant-detection-in-packaged-cocoa-hazelnut-spread-jars-using-Microwaves-Sensing-and-Machine-Learning-11.0GHz_Urbinati.csv,1920,480,30,2,0.9604166666666668,0.960416494863259,0.1215311374872011,0.0382220745086669,1.0596888065338137,ok,
talent_cls,FOREX_audcad-day-High,/vast/users/guangyi.chen/causal_group/zijian.li/dmir_crl/lyh/TabICL/dataset/talent_cls/binclass,FOREX_audcad-day-High.csv,1467,367,10,2,0.7166212534059946,0.7164822679319204,0.5655365339667185,0.0164651870727539,0.5431408882141113,ok,
talent_cls,FOREX_cadjpy-hour-High,/vast/users/guangyi.chen/causal_group/zijian.li/dmir_crl/lyh/TabICL/dataset/talent_cls/binclass,FOREX_cadjpy-hour-High.csv,35060,8765,10,2,0.695721620079863,0.695416743361058,0.5815486602502768,0.1767158508300781,36.31099772453308,ok,
talent_cls,Intersectional-Bias-Assessment,/vast/users/guangyi.chen/causal_group/zijian.li/dmir_crl/lyh/TabICL/dataset/talent_cls/binclass,Intersectional-Bias-Assessment.csv,8800,2200,19,2,0.9440909090909092,0.9440862969603128,0.1402204957340106,0.0810997486114502,3.6511170864105225,ok,
talent_cls,National_Health_and_Nutrition_Health_Survey,/vast/users/guangyi.chen/causal_group/zijian.li/dmir_crl/lyh/TabICL/dataset/talent_cls/binclass,National_Health_and_Nutrition_Health_Survey.csv,1822,456,7,2,0.8442982456140351,0.7970703404278723,0.3803909274671027,0.0152819156646728,0.4865059852600097,ok,
talent_cls,Shipping,/vast/users/guangyi.chen/causal_group/zijian.li/dmir_crl/lyh/TabICL/dataset/talent_cls/binclass,Shipping.csv,8799,2200,9,2,0.675,0.667136931472964,0.5058940144087476,0.0476300716400146,2.7831408977508545,ok,
talent_cls,ada_prior,/vast/users/guangyi.chen/causal_group/zijian.li/dmir_crl/lyh/TabICL/dataset/talent_cls/binclass,ada_prior.csv,3649,913,14,2,0.8422782037239869,0.8359452760166876,0.3476438538372204,0.0374538898468017,1.5145201683044434,ok,
talent_cls,credit-g,/vast/users/guangyi.chen/causal_group/zijian.li/dmir_crl/lyh/TabICL/dataset/talent_cls/binclass,credit-g.csv,800,200,20,2,0.715,0.6947145877378437,0.5053581432643819,0.0219953060150146,0.4625356197357178,ok,
talent_cls,electricity,/vast/users/guangyi.chen/causal_group/zijian.li/dmir_crl/lyh/TabICL/dataset/talent_cls/binclass,electricity.csv,36249,9063,8,2,0.9041156349994484,0.9041074390995132,0.2253374147483635,0.1470999717712402,25.07829189300537,ok,
talent_cls,in_vehicle_coupon_recommendation,/vast/users/guangyi.chen/causal_group/zijian.li/dmir_crl/lyh/TabICL/dataset/talent_cls/binclass,in_vehicle_coupon_recommendation.csv,10147,2537,21,2,0.7808435159637367,0.7792727309738671,0.4703487491817504,0.1173541545867919,4.5046706199646,ok,
talent_cls,mammography,/vast/users/guangyi.chen/causal_group/zijian.li/dmir_crl/lyh/TabICL/dataset/talent_cls/binclass,mammography.csv,8946,2237,6,2,0.988377291014752,0.9866656262481714,0.0419186176884176,0.0358393192291259,1.9530377388000488,ok,
talent_cls,pc1,/vast/users/guangyi.chen/causal_group/zijian.li/dmir_crl/lyh/TabICL/dataset/talent_cls/binclass,pc1.csv,887,222,21,2,0.9504504504504504,0.9367483892561292,0.111723196928546,0.0243120193481445,0.5051476955413818,ok,
talent_cls,rl,/vast/users/guangyi.chen/causal_group/zijian.li/dmir_crl/lyh/TabICL/dataset/talent_cls/binclass,rl.csv,3976,994,12,2,0.8501006036217303,0.8500057220346948,0.3761742964565045,0.0278165340423584,1.414090633392334,ok,
talent_cls,sylvine,/vast/users/guangyi.chen/causal_group/zijian.li/dmir_crl/lyh/TabICL/dataset/talent_cls/binclass,sylvine.csv,4099,1025,20,2,0.9560975609756096,0.9560636046141344,0.104086824074988,0.0455281734466552,1.7689783573150637,ok,
talent_cls,BNG_cmc,/vast/users/guangyi.chen/causal_group/zijian.li/dmir_crl/lyh/TabICL/dataset/talent_cls/multiclass,BNG_cmc.csv,44236,11060,9,3,0.5886075949367089,0.587135703650995,0.8762044920707949,0.1692676544189453,35.61023259162903,ok,
talent_cls,Rain_in_Australia,/vast/users/guangyi.chen/causal_group/zijian.li/dmir_crl/lyh/TabICL/dataset/talent_cls/multiclass,Rain_in_Australia.csv,116368,29092,18,3,0.8473807232228792,0.8380356286206864,0.3822590590755702,1.1009466648101809,236.02744150161743,ok,
talent_cls,artificial-characters,/vast/users/guangyi.chen/causal_group/zijian.li/dmir_crl/lyh/TabICL/dataset/talent_cls/multiclass,artificial-characters.csv,8174,2044,7,10,0.8674168297455969,0.8675671265451887,0.3848260407320212,0.0417256355285644,2.6046900749206543,ok,
talent_cls,dna,/vast/users/guangyi.chen/causal_group/zijian.li/dmir_crl/lyh/TabICL/dataset/talent_cls/multiclass,dna.csv,2548,638,180,3,0.8949843260188087,0.892692892397542,0.3089700826971199,0.2257421016693115,5.198341608047485,ok,
talent_cls,helena,/vast/users/guangyi.chen/causal_group/zijian.li/dmir_crl/lyh/TabICL/dataset/talent_cls/multiclass,helena.csv,52156,13040,27,100,0.4187116564417178,0.3932069734870603,2.40494616121205,0.6715068817138672,107.10604643821716,ok,
talent_cls,letter,/vast/users/guangyi.chen/causal_group/zijian.li/dmir_crl/lyh/TabICL/dataset/talent_cls/multiclass,letter.csv,16000,4000,15,26,0.98375,0.9837221135258574,0.0435381774240375,0.1171762943267822,19.88456082344055,ok,
talent_cls,mice_protein_expression,/vast/users/guangyi.chen/causal_group/zijian.li/dmir_crl/lyh/TabICL/dataset/talent_cls/multiclass,mice_protein_expression.csv,864,216,75,8,1.0,1.0,0.0002730024444215,0.0735118389129638,0.9786100387573242,ok,
talent_cls,pendigits,/vast/users/guangyi.chen/causal_group/zijian.li/dmir_crl/lyh/TabICL/dataset/talent_cls/multiclass,pendigits.csv,8793,2199,16,10,0.998180991359709,0.9981821464068124,0.0032524527698205,0.0660605430603027,3.532390594482422,ok,
talent_cls,texture,/vast/users/guangyi.chen/causal_group/zijian.li/dmir_crl/lyh/TabICL/dataset/talent_cls/multiclass,texture.csv,4400,1100,40,11,1.0,1.0,0.0014519118596785,0.0872077941894531,6.400599956512451,ok,
talent_cls,waveform-5000,/vast/users/guangyi.chen/causal_group/zijian.li/dmir_crl/lyh/TabICL/dataset/talent_cls/multiclass,waveform-5000.csv,4000,1000,40,3,0.874,0.87347505805938,0.308518590536175,0.0741145610809326,2.555408239364624,ok,
talent_cls,Bank_Customer_Churn_Dataset,/vast/users/guangyi.chen/causal_group/zijian.li/dmir_crl/lyh/TabICL/dataset/talent_cls/binclass,Bank_Customer_Churn_Dataset.csv,8000,2000,10,2,0.8695,0.8579973779986695,0.3171250677455554,0.048309326171875,2.709539890289306,ok,
talent_cls,Contaminant-detection-in-packaged-cocoa-hazelnut-spread-jars-using-Microwaves-Sensing-and-Machine-Learning-9.0GHz_Urbinati,/vast/users/guangyi.chen/causal_group/zijian.li/dmir_crl/lyh/TabICL/dataset/talent_cls/binclass,Contaminant-detection-in-packaged-cocoa-hazelnut-spread-jars-using-Microwaves-Sensing-and-Machine-Learning-9.0GHz_Urbinati.csv,1920,480,30,2,0.9666666666666668,0.9666574048346762,0.1048075735233314,0.0388951301574707,0.9644184112548828,ok,
talent_cls,FOREX_audcad-hour-High,/vast/users/guangyi.chen/causal_group/zijian.li/dmir_crl/lyh/TabICL/dataset/talent_cls/binclass,FOREX_audcad-hour-High.csv,35060,8765,10,2,0.7099828864803195,0.7100176250926737,0.5569124922681943,0.1724488735198974,22.945746898651123,ok,
talent_cls,Fitness_Club_c,/vast/users/guangyi.chen/causal_group/zijian.li/dmir_crl/lyh/TabICL/dataset/talent_cls/binclass,Fitness_Club_c.csv,1200,300,6,2,0.7766666666666666,0.771445059194479,0.4746923227433332,0.0152950286865234,0.3352155685424804,ok,
talent_cls,Is-this-a-good-customer,/vast/users/guangyi.chen/causal_group/zijian.li/dmir_crl/lyh/TabICL/dataset/talent_cls/binclass,Is-this-a-good-customer.csv,1378,345,13,2,0.8898550724637682,0.8407558528428093,0.3036806624025419,0.0225543975830078,0.5685040950775146,ok,
talent_cls,Performance-Prediction,/vast/users/guangyi.chen/causal_group/zijian.li/dmir_crl/lyh/TabICL/dataset/talent_cls/binclass,Performance-Prediction.csv,1072,268,19,2,0.6791044776119403,0.6728262575603274,0.5873336655863814,0.0255279541015625,0.5462143421173096,ok,
talent_cls,Telecom_Churn_Dataset,/vast/users/guangyi.chen/causal_group/zijian.li/dmir_crl/lyh/TabICL/dataset/talent_cls/binclass,Telecom_Churn_Dataset.csv,2666,667,17,2,0.970014992503748,0.9694746310108968,0.1158433886228771,0.0319092273712158,1.0664730072021484,ok,
talent_cls,adult,/vast/users/guangyi.chen/causal_group/zijian.li/dmir_crl/lyh/TabICL/dataset/talent_cls/binclass,adult.csv,39073,9769,14,2,0.8582249974408844,0.8537890077589033,0.3081314956582526,0.2765500545501709,29.36106276512146,ok,
talent_cls,credit,/vast/users/guangyi.chen/causal_group/zijian.li/dmir_crl/lyh/TabICL/dataset/talent_cls/binclass,credit.csv,13371,3343,10,2,0.7804367334729285,0.7803498213917676,0.4719298875872862,0.0656168460845947,5.02511191368103,ok,
talent_cls,eye_movements,/vast/users/guangyi.chen/causal_group/zijian.li/dmir_crl/lyh/TabICL/dataset/talent_cls/binclass,eye_movements.csv,6086,1522,20,2,0.6314060446780552,0.6304602141044034,0.6365592672944278,0.0642945766448974,2.6310625076293945,ok,
talent_cls,jasmine,/vast/users/guangyi.chen/causal_group/zijian.li/dmir_crl/lyh/TabICL/dataset/talent_cls/binclass,jasmine.csv,2387,597,144,2,0.8241206030150754,0.8197957122403753,0.4033567868757443,0.1759779453277588,3.986503124237061,ok,
talent_cls,mobile_c36_oversampling,/vast/users/guangyi.chen/causal_group/zijian.li/dmir_crl/lyh/TabICL/dataset/talent_cls/binclass,mobile_c36_oversampling.csv,41408,10352,6,2,0.991499227202473,0.9914988583858384,0.0271154634055651,0.1199104785919189,21.92179822921753,ok,
talent_cls,pc3,/vast/users/guangyi.chen/causal_group/zijian.li/dmir_crl/lyh/TabICL/dataset/talent_cls/binclass,pc3.csv,1250,313,37,2,0.9041533546325878,0.8691539863901374,0.2305882673715457,0.0403881072998046,0.8186733722686768,ok,
talent_cls,seismic_bumps,/vast/users/guangyi.chen/causal_group/zijian.li/dmir_crl/lyh/TabICL/dataset/talent_cls/binclass,seismic_bumps.csv,2067,517,18,2,0.9342359767891684,0.9024719535783364,0.1940569933329411,0.0256459712982177,0.8372945785522461,ok,
talent_cls,taiwanese_bankruptcy_prediction,/vast/users/guangyi.chen/causal_group/zijian.li/dmir_crl/lyh/TabICL/dataset/talent_cls/binclass,taiwanese_bankruptcy_prediction.csv,5455,1364,95,2,0.967741935483871,0.9557127369967958,0.0896295195642671,0.2260820865631103,6.305065155029297,ok,
talent_cls,Credit_c,/vast/users/guangyi.chen/causal_group/zijian.li/dmir_crl/lyh/TabICL/dataset/talent_cls/multiclass,Credit_c.csv,80000,20000,22,3,0.80095,0.8010675855755304,0.4822845957264967,0.9729335308074952,113.1425838470459,ok,
talent_cls,SDSS17,/vast/users/guangyi.chen/causal_group/zijian.li/dmir_crl/lyh/TabICL/dataset/talent_cls/multiclass,SDSS17.csv,80000,20000,12,3,0.97515,0.9750302974496472,0.0805339779024871,0.4633533954620361,106.4888288974762,ok,
talent_cls,autoUniv-au4-2500,/vast/users/guangyi.chen/causal_group/zijian.li/dmir_crl/lyh/TabICL/dataset/talent_cls/multiclass,autoUniv-au4-2500.csv,2000,500,100,3,0.502,0.4745999380284184,0.9101655575136232,0.1470880508422851,2.428074598312378,ok,
talent_cls,drug_consumption,/vast/users/guangyi.chen/causal_group/zijian.li/dmir_crl/lyh/TabICL/dataset/talent_cls/multiclass,drug_consumption.csv,1507,377,12,7,0.403183023872679,0.2316968605998004,1.508727909808985,0.0180468559265136,0.5685474872589111,ok,
talent_cls,internet_firewall,/vast/users/guangyi.chen/causal_group/zijian.li/dmir_crl/lyh/TabICL/dataset/talent_cls/multiclass,internet_firewall.csv,52425,13107,7,4,0.9293507286182956,0.9264213592936312,0.112306803139321,0.1455798149108886,45.60304808616638,ok,
talent_cls,maternal_health_risk,/vast/users/guangyi.chen/causal_group/zijian.li/dmir_crl/lyh/TabICL/dataset/talent_cls/multiclass,maternal_health_risk.csv,811,203,6,3,0.896551724137931,0.8954927170035671,0.2595273024064929,0.0111024379730224,0.3580193519592285,ok,
talent_cls,microaggregation2,/vast/users/guangyi.chen/causal_group/zijian.li/dmir_crl/lyh/TabICL/dataset/talent_cls/multiclass,microaggregation2.csv,16000,4000,20,5,0.63825,0.5853461879273252,0.8919146937308735,0.1265797615051269,7.954955816268921,ok,
talent_cls,predict_students_dropout_and_academic_success,/vast/users/guangyi.chen/causal_group/zijian.li/dmir_crl/lyh/TabICL/dataset/talent_cls/multiclass,predict_students_dropout_and_academic_success.csv,3539,885,34,3,0.7627118644067796,0.7406785529002199,0.5920582596308543,0.0579805374145507,2.036536455154419,ok,
talent_cls,thyroid-ann,/vast/users/guangyi.chen/causal_group/zijian.li/dmir_crl/lyh/TabICL/dataset/talent_cls/multiclass,thyroid-ann.csv,3017,755,21,3,0.9920529801324504,0.9920945592896032,0.0174310184581847,0.0359365940093994,1.3129231929779053,ok,
talent_cls,waveform_database_generator_version_1,/vast/users/guangyi.chen/causal_group/zijian.li/dmir_crl/lyh/TabICL/dataset/talent_cls/multiclass,waveform_database_generator_version_1.csv,4000,1000,21,3,0.86,0.8597043468772327,0.2936799301799146,0.0426712036132812,1.7820773124694824,ok,
talent_cls,Basketball_c,/vast/users/guangyi.chen/causal_group/zijian.li/dmir_crl/lyh/TabICL/dataset/talent_cls/binclass,Basketball_c.csv,1072,268,11,2,0.7201492537313433,0.7114342690097872,0.5373153597761752,0.016930341720581,0.4520070552825928,ok,
talent_cls,Contaminant-detection-in-packaged-cocoa-hazelnut-spread-jars-using-Microwaves-Sensing-and-Machine-Learning-9.5GHz_Urbinati,/vast/users/guangyi.chen/causal_group/zijian.li/dmir_crl/lyh/TabICL/dataset/talent_cls/binclass,Contaminant-detection-in-packaged-cocoa-hazelnut-spread-jars-using-Microwaves-Sensing-and-Machine-Learning-9.5GHz_Urbinati.csv,1920,480,30,2,0.95,0.95,0.143700105785724,0.038032054901123,0.96783447265625,ok,
talent_cls,FOREX_audchf-day-High,/vast/users/guangyi.chen/causal_group/zijian.li/dmir_crl/lyh/TabICL/dataset/talent_cls/binclass,FOREX_audchf-day-High.csv,1466,367,10,2,0.7629427792915532,0.7629181380836242,0.519245998831136,0.0179038047790527,0.5314061641693115,ok,
talent_cls,GAMETES_Epistasis_2-Way_20atts_0.1H_EDM-1_1,/vast/users/guangyi.chen/causal_group/zijian.li/dmir_crl/lyh/TabICL/dataset/talent_cls/binclass,GAMETES_Epistasis_2-Way_20atts_0.1H_EDM-1_1.csv,1280,320,20,2,0.659375,0.6552508030639981,0.6365335913969097,0.0248980522155761,0.5604302883148193,ok,
talent_cls,KDD,/vast/users/guangyi.chen/causal_group/zijian.li/dmir_crl/lyh/TabICL/dataset/talent_cls/binclass,KDD.csv,4025,1007,45,2,0.8192651439920556,0.8186944023415043,0.3813860010494569,0.0894715785980224,2.7417783737182617,ok,
talent_cls,PhishingWebsites,/vast/users/guangyi.chen/causal_group/zijian.li/dmir_crl/lyh/TabICL/dataset/talent_cls/binclass,PhishingWebsites.csv,8844,2211,30,2,0.9733152419719584,0.973308159949046,0.0642685324448893,0.1018817424774169,4.593386888504028,ok,
talent_cls,VulNoneVul,/vast/users/guangyi.chen/causal_group/zijian.li/dmir_crl/lyh/TabICL/dataset/talent_cls/binclass,VulNoneVul.csv,4553,1139,16,2,0.990342405618964,0.985537038851514,0.0414357220526373,0.0411303043365478,1.794419288635254,ok,
talent_cls,airlines_seed_0_nrows_2000_nclasses_10_ncols_100_stratify_True,/vast/users/guangyi.chen/causal_group/zijian.li/dmir_crl/lyh/TabICL/dataset/talent_cls/binclass,airlines_seed_0_nrows_2000_nclasses_10_ncols_100_stratify_True.csv,1600,400,7,2,0.6275,0.6002080335856427,0.6463537155456729,0.0178432464599609,0.4293124675750732,ok,
talent_cls,customer_satisfaction_in_airline,/vast/users/guangyi.chen/causal_group/zijian.li/dmir_crl/lyh/TabICL/dataset/talent_cls/binclass,customer_satisfaction_in_airline.csv,103904,25976,21,2,0.9619648906683091,0.9620016375583654,0.0864063473962511,1.0476529598236084,177.5495777130127,ok,
talent_cls,golf_play_dataset_extended,/vast/users/guangyi.chen/causal_group/zijian.li/dmir_crl/lyh/TabICL/dataset/talent_cls/binclass,golf_play_dataset_extended.csv,876,219,9,2,0.9223744292237442,0.9226792701748991,0.1501973223730946,0.0150887966156005,0.387784481048584,ok,
talent_cls,jm1,/vast/users/guangyi.chen/causal_group/zijian.li/dmir_crl/lyh/TabICL/dataset/talent_cls/binclass,jm1.csv,8708,2177,21,2,0.8190169958658705,0.7779204804581377,0.4135565212990077,0.0869030952453613,3.736435413360596,ok,
talent_cls,mozilla4,/vast/users/guangyi.chen/causal_group/zijian.li/dmir_crl/lyh/TabICL/dataset/talent_cls/binclass,mozilla4.csv,12436,3109,4,2,0.9411386297844966,0.9402856364263747,0.172034324497008,0.0327780246734619,1.875678300857544,ok,
talent_cls,pc4,/vast/users/guangyi.chen/causal_group/zijian.li/dmir_crl/lyh/TabICL/dataset/talent_cls/binclass,pc4.csv,1166,292,37,2,0.9315068493150684,0.9277528977871444,0.1437536246219288,0.0414557456970214,0.7732954025268555,ok,
talent_cls,shill-bidding,/vast/users/guangyi.chen/causal_group/zijian.li/dmir_crl/lyh/TabICL/dataset/talent_cls/binclass,shill-bidding.csv,5056,1265,3,2,0.9059288537549408,0.8838375171340941,0.2218792599239555,0.0146315097808837,0.5043511390686035,ok,
talent_cls,telco-customer-churn,/vast/users/guangyi.chen/causal_group/zijian.li/dmir_crl/lyh/TabICL/dataset/talent_cls/binclass,telco-customer-churn.csv,5634,1409,18,2,0.7835344215755855,0.771964420900253,0.422471749164772,0.0717363357543945,2.321546792984009,ok,
talent_cls,Firm-Teacher_Clave-Direction_Classification,/vast/users/guangyi.chen/causal_group/zijian.li/dmir_crl/lyh/TabICL/dataset/talent_cls/multiclass,Firm-Teacher_Clave-Direction_Classification.csv,8640,2160,16,4,0.8763888888888889,0.8760179745346811,0.3420198465309881,0.0676636695861816,3.2452073097229004,ok,
talent_cls,UJI_Pen_Characters,/vast/users/guangyi.chen/causal_group/zijian.li/dmir_crl/lyh/TabICL/dataset/talent_cls/multiclass,UJI_Pen_Characters.csv,1091,273,80,35,0.5677655677655677,0.5593958918275229,1.559952787758601,0.0673511028289794,3.1731667518615723,ok,
talent_cls,autoUniv-au7-1100,/vast/users/guangyi.chen/causal_group/zijian.li/dmir_crl/lyh/TabICL/dataset/talent_cls/multiclass,autoUniv-au7-1100.csv,880,220,12,5,0.4363636363636363,0.4142360233270755,1.3283015271418577,0.0197141170501709,0.4446160793304443,ok,
talent_cls,dry_bean_dataset,/vast/users/guangyi.chen/causal_group/zijian.li/dmir_crl/lyh/TabICL/dataset/talent_cls/multiclass,dry_bean_dataset.csv,10888,2723,16,7,0.9346309217774512,0.9345150934747258,0.177190892703888,0.0938363075256347,4.41686749458313,ok,
talent_cls,internet_usage,/vast/users/guangyi.chen/causal_group/zijian.li/dmir_crl/lyh/TabICL/dataset/talent_cls/multiclass,internet_usage.csv,8086,2022,70,46,0.4648862512363996,0.3414886179967007,1.624947448495777,0.253692626953125,15.485482215881348,ok,
talent_cls,mfeat-factors,/vast/users/guangyi.chen/causal_group/zijian.li/dmir_crl/lyh/TabICL/dataset/talent_cls/multiclass,mfeat-factors.csv,1600,400,216,10,0.99,0.9900285486680466,0.0455676407365912,0.2076375484466552,3.853250980377197,ok,
talent_cls,okcupid_stem,/vast/users/guangyi.chen/causal_group/zijian.li/dmir_crl/lyh/TabICL/dataset/talent_cls/multiclass,okcupid_stem.csv,21341,5336,13,3,0.7456896551724138,0.6856640420919734,0.601985807443007,0.1756739616394043,10.435768365859984,ok,
talent_cls,satimage,/vast/users/guangyi.chen/causal_group/zijian.li/dmir_crl/lyh/TabICL/dataset/talent_cls/multiclass,satimage.csv,5144,1286,36,6,0.917573872472784,0.9161562095304632,0.2009400358674238,0.0867786407470703,3.0317890644073486,ok,
talent_cls,thyroid-dis,/vast/users/guangyi.chen/causal_group/zijian.li/dmir_crl/lyh/TabICL/dataset/talent_cls/multiclass,thyroid-dis.csv,2240,560,26,5,0.7160714285714286,0.6946600221234218,0.7722411063726596,0.0367815494537353,1.0938096046447754,ok,
talent_cls,website_phishing,/vast/users/guangyi.chen/causal_group/zijian.li/dmir_crl/lyh/TabICL/dataset/talent_cls/multiclass,website_phishing.csv,1082,271,9,3,0.922509225092251,0.9224399286246384,0.2122560366214153,0.0145645141601562,0.4425554275512695,ok,
talent_cls,California-Housing-Classification,/vast/users/guangyi.chen/causal_group/zijian.li/dmir_crl/lyh/TabICL/dataset/talent_cls/binclass,California-Housing-Classification.csv,16512,4128,8,2,0.9064922480620154,0.9064915895676952,0.2149232727515987,0.0792798995971679,6.292598485946655,ok,
talent_cls,Customer_Personality_Analysis,/vast/users/guangyi.chen/causal_group/zijian.li/dmir_crl/lyh/TabICL/dataset/talent_cls/binclass,Customer_Personality_Analysis.csv,1792,448,24,2,0.8973214285714286,0.8844566891441892,0.251447425007604,0.0347280502319335,0.8159313201904297,ok,
talent_cls,FOREX_audjpy-day-High,/vast/users/guangyi.chen/causal_group/zijian.li/dmir_crl/lyh/TabICL/dataset/talent_cls/binclass,FOREX_audjpy-day-High.csv,1465,367,10,2,0.7356948228882834,0.734755281688887,0.5331585063610305,0.0157845020294189,0.5329992771148682,ok,
talent_cls,GAMETES_Heterogeneity_20atts_1600_Het_0.4_0.2_50_EDM-2_001,/vast/users/guangyi.chen/causal_group/zijian.li/dmir_crl/lyh/TabICL/dataset/talent_cls/binclass,GAMETES_Heterogeneity_20atts_1600_Het_0.4_0.2_50_EDM-2_001.csv,1280,320,20,2,0.7,0.6999882807922184,0.5389659074579984,0.0274538993835449,0.5649173259735107,ok,
talent_cls,KDDCup09_upselling,/vast/users/guangyi.chen/causal_group/zijian.li/dmir_crl/lyh/TabICL/dataset/talent_cls/binclass,KDDCup09_upselling.csv,4102,1026,49,2,0.8001949317738791,0.8001628492732116,0.3985726575518541,0.0967905521392822,2.931474208831787,ok,
talent_cls,PieChart3,/vast/users/guangyi.chen/causal_group/zijian.li/dmir_crl/lyh/TabICL/dataset/talent_cls/binclass,PieChart3.csv,861,216,37,2,0.8703703703703703,0.8223880597014925,0.28527310592671,0.0360634326934814,0.6267883777618408,ok,
talent_cls,Water_Quality_and_Potability,/vast/users/guangyi.chen/causal_group/zijian.li/dmir_crl/lyh/TabICL/dataset/talent_cls/binclass,Water_Quality_and_Potability.csv,2620,656,8,2,0.6219512195121951,0.5699652911154658,0.6457935400821674,0.0168976783752441,0.8610696792602539,ok,
talent_cls,bank,/vast/users/guangyi.chen/causal_group/zijian.li/dmir_crl/lyh/TabICL/dataset/talent_cls/binclass,bank.csv,36168,9043,16,2,0.9077739688156584,0.9023066552146068,0.1925728697486928,0.3174083232879638,26.058784246444706,ok,
talent_cls,dabetes_130-us_hospitals,/vast/users/guangyi.chen/causal_group/zijian.li/dmir_crl/lyh/TabICL/dataset/talent_cls/binclass,dabetes_130-us_hospitals.csv,81412,20354,20,2,0.6467033506927385,0.640984476071444,0.6226633975794641,0.8738701343536377,117.16328477859496,ok,
talent_cls,heloc,/vast/users/guangyi.chen/causal_group/zijian.li/dmir_crl/lyh/TabICL/dataset/talent_cls/binclass,heloc.csv,8000,2000,22,2,0.731,0.7308037559380789,0.5492558936618875,0.0804929733276367,3.653340339660645,ok,
talent_cls,kc1,/vast/users/guangyi.chen/causal_group/zijian.li/dmir_crl/lyh/TabICL/dataset/talent_cls/binclass,kc1.csv,1687,422,21,2,0.8744075829383886,0.8525179663284063,0.301175001576948,0.0294418334960937,0.7597553730010986,ok,
talent_cls,naticusdroid_android_permissions_dataset,/vast/users/guangyi.chen/causal_group/zijian.li/dmir_crl/lyh/TabICL/dataset/talent_cls/binclass,naticusdroid_android_permissions_dataset.csv,23465,5867,86,2,0.9677859212544742,0.9677818217338732,0.0932704040596187,0.6275589466094971,28.86492133140564,ok,
talent_cls,philippine,/vast/users/guangyi.chen/causal_group/zijian.li/dmir_crl/lyh/TabICL/dataset/talent_cls/binclass,philippine.csv,4665,1167,308,2,0.7335047129391602,0.7311374699909221,0.5144732128129965,0.6857192516326904,15.539382457733154,ok,
talent_cls,shrutime,/vast/users/guangyi.chen/causal_group/zijian.li/dmir_crl/lyh/TabICL/dataset/talent_cls/binclass,shrutime.csv,8000,2000,10,2,0.8585,0.8437621927075387,0.3396567883302304,0.0480785369873046,2.7212107181549072,ok,
talent_cls,twonorm,/vast/users/guangyi.chen/causal_group/zijian.li/dmir_crl/lyh/TabICL/dataset/talent_cls/binclass,twonorm.csv,5920,1480,20,2,0.9824324324324324,0.9824324324324324,0.0578656244848692,0.0563130378723144,2.5598695278167725,ok,
talent_cls,Gender_Gap_in_Spanish_WP,/vast/users/guangyi.chen/causal_group/zijian.li/dmir_crl/lyh/TabICL/dataset/talent_cls/multiclass,Gender_Gap_in_Spanish_WP.csv,3796,950,13,3,0.6336842105263157,0.5928933163951252,0.7990878221751417,0.0284032821655273,1.435497522354126,ok,
talent_cls,abalone,/vast/users/guangyi.chen/causal_group/zijian.li/dmir_crl/lyh/TabICL/dataset/talent_cls/multiclass,abalone.csv,3341,836,8,3,0.666267942583732,0.6666098388362314,0.7221644520650461,0.0215215682983398,1.0680692195892334,ok,
talent_cls,baseball,/vast/users/guangyi.chen/causal_group/zijian.li/dmir_crl/lyh/TabICL/dataset/talent_cls/multiclass,baseball.csv,1072,268,16,3,0.9477611940298508,0.9402952768624412,0.141790426179929,0.0205984115600585,0.5165472030639648,ok,
talent_cls,estimation_of_obesity_levels,/vast/users/guangyi.chen/causal_group/zijian.li/dmir_crl/lyh/TabICL/dataset/talent_cls/multiclass,estimation_of_obesity_levels.csv,1688,423,16,7,0.9905437352245864,0.9905498847836188,0.0214965256920943,0.0273528099060058,0.6932432651519775,ok,
talent_cls,jungle_chess_2pcs_raw_endgame_complete,/vast/users/guangyi.chen/causal_group/zijian.li/dmir_crl/lyh/TabICL/dataset/talent_cls/multiclass,jungle_chess_2pcs_raw_endgame_complete.csv,35855,8964,6,3,0.8674698795180723,0.8655719622521417,0.2358743499353134,0.1118485927581787,22.36316299438477,ok,
talent_cls,mfeat-fourier,/vast/users/guangyi.chen/causal_group/zijian.li/dmir_crl/lyh/TabICL/dataset/talent_cls/multiclass,mfeat-fourier.csv,1600,400,76,10,0.805,0.8025896970090048,0.438787718754983,0.0788109302520752,1.5804154872894287,ok,
talent_cls,one-hundred-plants-margin,/vast/users/guangyi.chen/causal_group/zijian.li/dmir_crl/lyh/TabICL/dataset/talent_cls/multiclass,one-hundred-plants-margin.csv,1280,320,64,100,0.8875,0.8822916666666666,0.4641183405032196,0.0795676708221435,4.705552816390991,ok,
talent_cls,segment,/vast/users/guangyi.chen/causal_group/zijian.li/dmir_crl/lyh/TabICL/dataset/talent_cls/multiclass,segment.csv,1848,462,17,7,0.9675324675324676,0.9673220165259088,0.0975269543803881,0.0250959396362304,0.7198600769042969,ok,
talent_cls,thyroid,/vast/users/guangyi.chen/causal_group/zijian.li/dmir_crl/lyh/TabICL/dataset/talent_cls/multiclass,thyroid.csv,5760,1440,21,3,0.99375,0.9937556974532692,0.0129914358681328,0.0525414943695068,2.503261089324951,ok,
talent_cls,wine-quality-red,/vast/users/guangyi.chen/causal_group/zijian.li/dmir_crl/lyh/TabICL/dataset/talent_cls/multiclass,wine-quality-red.csv,1279,320,4,6,0.64375,0.6234294778959086,0.8059115739295242,0.0108191967010498,0.4394867420196533,ok,
talent_cls,Cardiovascular-Disease-dataset,/vast/users/guangyi.chen/causal_group/zijian.li/dmir_crl/lyh/TabICL/dataset/talent_cls/binclass,Cardiovascular-Disease-dataset.csv,56000,14000,11,2,0.7405714285714285,0.740164564738153,0.5358705665696086,0.2563323974609375,66.47314691543579,ok,
talent_cls,Diabetic_Retinopathy_Debrecen,/vast/users/guangyi.chen/causal_group/zijian.li/dmir_crl/lyh/TabICL/dataset/talent_cls/binclass,Diabetic_Retinopathy_Debrecen.csv,920,231,19,2,0.7229437229437229,0.7221434028156717,0.5451867546338839,0.023867130279541,0.4954454898834228,ok,
talent_cls,FOREX_audjpy-hour-High,/vast/users/guangyi.chen/causal_group/zijian.li/dmir_crl/lyh/TabICL/dataset/talent_cls/binclass,FOREX_audjpy-hour-High.csv,35060,8765,10,2,0.7022247575584712,0.701657038202858,0.5722305051134019,0.189624547958374,25.225887775421143,ok,
talent_cls,HR_Analytics_Job_Change_of_Data_Scientists,/vast/users/guangyi.chen/causal_group/zijian.li/dmir_crl/lyh/TabICL/dataset/talent_cls/binclass,HR_Analytics_Job_Change_of_Data_Scientists.csv,15326,3832,13,2,0.8034968684759917,0.8054230397325512,0.422251221890995,0.1283392906188964,6.880731344223023,ok,
talent_cls,Long,/vast/users/guangyi.chen/causal_group/zijian.li/dmir_crl/lyh/TabICL/dataset/talent_cls/binclass,Long.csv,3581,896,19,2,0.9933035714285714,0.9933035714285714,0.0154384507123334,0.0372726917266845,1.5640122890472412,ok,
talent_cls,Pima_Indians_Diabetes_Database,/vast/users/guangyi.chen/causal_group/zijian.li/dmir_crl/lyh/TabICL/dataset/talent_cls/binclass,Pima_Indians_Diabetes_Database.csv,614,154,8,2,0.7662337662337663,0.7640300875594993,0.4400544329354576,0.0125110149383544,0.3069441318511963,ok,
talent_cls,Waterstress,/vast/users/guangyi.chen/causal_group/zijian.li/dmir_crl/lyh/TabICL/dataset/talent_cls/binclass,Waterstress.csv,950,238,22,2,0.7436974789915967,0.7433304456977176,0.5056744487152881,0.0226781368255615,0.5187487602233887,ok,
talent_cls,banknote_authentication,/vast/users/guangyi.chen/causal_group/zijian.li/dmir_crl/lyh/TabICL/dataset/talent_cls/binclass,banknote_authentication.csv,1097,275,4,2,0.5490909090909091,0.4288677051848407,0.6889370653638379,0.0101354122161865,0.1952936649322509,ok,
talent_cls,default_of_credit_card_clients,/vast/users/guangyi.chen/causal_group/zijian.li/dmir_crl/lyh/TabICL/dataset/talent_cls/binclass,default_of_credit_card_clients.csv,24000,6000,23,2,0.8225,0.8030054600491187,0.4221069679322625,0.246889591217041,20.129475355148315,ok,
talent_cls,hill-valley,/vast/users/guangyi.chen/causal_group/zijian.li/dmir_crl/lyh/TabICL/dataset/talent_cls/binclass,hill-valley.csv,969,243,100,2,0.8518518518518519,0.8511660741749238,0.4810560091868718,0.0785906314849853,2.002947807312012,ok,
talent_cls,kdd_ipums_la_97-small,/vast/users/guangyi.chen/causal_group/zijian.li/dmir_crl/lyh/TabICL/dataset/talent_cls/binclass,kdd_ipums_la_97-small.csv,4150,1038,20,2,0.907514450867052,0.9073324604213784,0.2285246745839461,0.0442802906036376,2.912080764770508,ok,
talent_cls,national-longitudinal-survey-binary,/vast/users/guangyi.chen/causal_group/zijian.li/dmir_crl/lyh/TabICL/dataset/talent_cls/binclass,national-longitudinal-survey-binary.csv,3926,982,16,2,1.0,1.0,0.0009084165411018,0.0434193611145019,2.0591695308685303,ok,
talent_cls,phoneme,/vast/users/guangyi.chen/causal_group/zijian.li/dmir_crl/lyh/TabICL/dataset/talent_cls/binclass,phoneme.csv,4323,1081,5,2,0.9111933395004626,0.9108571521458358,0.189984558663649,0.0173630714416503,0.8794214725494385,ok,
talent_cls,spambase,/vast/users/guangyi.chen/causal_group/zijian.li/dmir_crl/lyh/TabICL/dataset/talent_cls/binclass,spambase.csv,3680,921,57,2,0.9554831704668838,0.9553336338875064,0.1292348636260267,0.0898714065551757,3.803832769393921,ok,
talent_cls,water_quality,/vast/users/guangyi.chen/causal_group/zijian.li/dmir_crl/lyh/TabICL/dataset/talent_cls/binclass,water_quality.csv,6396,1600,20,2,0.896875,0.8822149829992675,0.2434593694951832,0.0490365028381347,2.8458406925201416,ok,
talent_cls,GesturePhaseSegmentationProcessed,/vast/users/guangyi.chen/causal_group/zijian.li/dmir_crl/lyh/TabICL/dataset/talent_cls/multiclass,GesturePhaseSegmentationProcessed.csv,7898,1975,32,5,0.7630379746835443,0.7578325164869537,0.6607029430952203,0.1204595565795898,5.329005002975464,ok,
talent_cls,accelerometer,/vast/users/guangyi.chen/causal_group/zijian.li/dmir_crl/lyh/TabICL/dataset/talent_cls/multiclass,accelerometer.csv,122403,30601,4,4,0.7352374105421391,0.7331302357780775,0.5462006574143543,0.2419884204864502,248.24549055099487,ok,
talent_cls,car-evaluation,/vast/users/guangyi.chen/causal_group/zijian.li/dmir_crl/lyh/TabICL/dataset/talent_cls/multiclass,car-evaluation.csv,1382,346,21,4,0.9855491329479767,0.9857009257768736,0.0440189179330526,0.0253770351409912,0.6392138004302979,ok,
talent_cls,eucalyptus,/vast/users/guangyi.chen/causal_group/zijian.li/dmir_crl/lyh/TabICL/dataset/talent_cls/multiclass,eucalyptus.csv,588,148,19,5,0.7297297297297297,0.7322409120464041,0.6379825258587709,0.0196926593780517,0.3828134536743164,ok,
talent_cls,kr-vs-k,/vast/users/guangyi.chen/causal_group/zijian.li/dmir_crl/lyh/TabICL/dataset/talent_cls/multiclass,kr-vs-k.csv,22444,5612,6,18,0.8656450463292944,0.8652927775624664,0.4005393558220861,0.0692296028137207,30.40545392036438,ok,
talent_cls,mfeat-karhunen,/vast/users/guangyi.chen/causal_group/zijian.li/dmir_crl/lyh/TabICL/dataset/talent_cls/multiclass,mfeat-karhunen.csv,1600,400,64,10,0.975,0.9748600610862316,0.0801624073602193,0.0639357566833496,1.4284205436706543,ok,
talent_cls,one-hundred-plants-shape,/vast/users/guangyi.chen/causal_group/zijian.li/dmir_crl/lyh/TabICL/dataset/talent_cls/multiclass,one-hundred-plants-shape.csv,1280,320,64,100,0.753125,0.7438343253968254,0.8063909261520383,0.0709567070007324,4.313983201980591,ok,
talent_cls,semeion,/vast/users/guangyi.chen/causal_group/zijian.li/dmir_crl/lyh/TabICL/dataset/talent_cls/multiclass,semeion.csv,1274,319,256,10,0.962382445141066,0.9626934636904336,0.1503299484814954,0.2534546852111816,3.739785432815552,ok,
talent_cls,turiye_student_evaluation,/vast/users/guangyi.chen/causal_group/zijian.li/dmir_crl/lyh/TabICL/dataset/talent_cls/multiclass,turiye_student_evaluation.csv,4656,1164,32,5,0.506872852233677,0.4562455626386174,1.2429007334321096,0.0651056766510009,2.5543456077575684,ok,
talent_cls,wine-quality-white,/vast/users/guangyi.chen/causal_group/zijian.li/dmir_crl/lyh/TabICL/dataset/talent_cls/multiclass,wine-quality-white.csv,3918,980,11,7,0.7020408163265306,0.6973977417378797,0.7512932352788667,0.0287034511566162,1.3416681289672852,ok,
